run_id,config,rate_hz_nominal,achieved_arrival_rate_hz,throughput_completed_per_s,n_requests,outcome_counts,e2e_p50_ms,e2e_p95_ms,e2e_p99_ms,queueing_delay_p50_ms,wall_elapsed_s
calib_W1T8_r30,W1T8,30,32.0782265002747,32.0516596026595,192,"{""COMPLETED"": 192}",12.56350889480018,25.529077172268437,33.56330088907271,2.1455354994941445,6.964860439300537
calib_W1T8_r60,W1T8,60,60.51189543992646,60.41380785042714,363,"{""COMPLETED"": 363}",12.966054167009133,32.43876402702881,45.6698390195197,3.2464690002598218,7.007591724395752
calib_W1T8_r100,W1T8,100,98.52166689418932,98.37025150362352,590,"{""COMPLETED"": 590}",27.238564021899947,68.6005908752577,83.9902450607497,18.83936049989643,6.942465305328369
calib_W1T8_r150,W1T8,150,148.5036240553352,117.19565941391791,891,"{""COMPLETED"": 891}",785.8660231258909,1577.2208296598365,1603.9481791528488,777.8196720000778,8.573577165603638
calib_W1T8_r220,W1T8,220,214.64594061454906,117.43752719941345,1286,"{""COMPLETED"": 1286}",2430.590560528344,4692.713945402602,4909.541267285931,2422.3791545000495,15.39245057106018
calib_W2T4_r30,W2T4,30,32.0782265002747,32.05152040290796,192,"{""COMPLETED"": 192}",14.417269232126273,18.8299999344963,22.976132662579403,2.026786500664457,6.973382949829102
calib_W2T4_r60,W2T4,60,60.51189543992646,60.38849895584727,363,"{""COMPLETED"": 363}",13.56671643043228,22.02060231757058,26.143388959008004,1.9717010000022128,6.997965335845947
calib_W2T4_r100,W2T4,100,98.52166689418932,98.35516040414903,590,"{""COMPLETED"": 590}",14.78770032099419,29.2289207340218,38.37106133347334,2.29782249971322,6.941527843475342
calib_W2T4_r150,W2T4,150,148.5036240553352,148.18106890099506,891,"{""COMPLETED"": 891}",16.31025711503753,38.07701259665919,46.45894157247313,5.841031999807456,7.027939558029175
calib_W2T4_r220,W2T4,220,214.64594061454906,181.46932171357054,1286,"{""COMPLETED"": 1286}",707.6429495282355,1155.2169430117374,1168.9328909749293,694.8483174996909,8.098921537399292
calib_W4T2_r30,W4T2,30,32.0782265002747,32.0273968475283,192,"{""COMPLETED"": 192}",21.275901613989845,23.591772199051775,25.200678068895286,2.1121315003256314,7.045074224472046
calib_W4T2_r60,W4T2,60,60.51189543992646,60.324594837668165,363,"{""COMPLETED"": 363}",19.341247103511705,22.621146468281946,25.036820655932388,1.6569250001339242,7.059295654296875
calib_W4T2_r100,W4T2,100,98.52166689418932,98.22761515382997,590,"{""COMPLETED"": 590}",16.33432737799012,22.77958666286395,27.66582644067057,1.7393734997313004,7.070988416671753
calib_W4T2_r150,W4T2,150,148.5036240553352,148.09221855240637,891,"{""COMPLETED"": 891}",15.961180460180913,24.76482739803032,30.4870061080692,1.5114019997781725,7.090600490570068
calib_W4T2_r220,W4T2,220,214.64594061454906,214.0957379526697,1286,"{""COMPLETED"": 1286}",23.417469595642615,49.60955388264665,58.19873898799415,6.659606500306836,7.078880548477173
calib_W8T1_r30,W8T1,30,32.0782265002747,31.97800355559158,192,"{""COMPLETED"": 192}",32.51687077909082,34.149235644326836,34.82887209689579,2.3627185005352658,7.214458465576172
calib_W8T1_r60,W8T1,60,60.51189543992646,60.190282054218464,363,"{""COMPLETED"": 363}",30.788929359005124,33.6604740355142,35.467584912894374,2.2081650004110998,7.184619188308716
calib_W8T1_r100,W8T1,100,98.52166689418932,97.98643259819359,590,"{""COMPLETED"": 590}",25.993486208790273,33.380031319984475,34.77285785461391,1.8776619995151123,7.211630582809448
calib_W8T1_r150,W8T1,150,148.5036240553352,147.86285423294504,891,"{""COMPLETED"": 891}",24.54624706933828,32.95881469011874,36.75001452602374,1.6148690001500654,7.193915367126465
calib_W8T1_r220,W8T1,220,214.64594061454906,213.5185087737462,1286,"{""COMPLETED"": 1286}",24.202569640237925,34.91994875957971,40.39929620439581,1.4131365001048835,7.207850217819214
