run_id,config,rate_label,rate_hz_nominal,repeat_idx,schedule_seed,split,n_requests,achieved_arrival_rate_hz,throughput_completed_per_s,orderly_shutdown,collection_confirmed,e2e_p50_ms,e2e_p95_ms,e2e_p99_ms,queueing_delay_p50_ms,service_time_p50_ms,generator_delay_p50_ms,wall_elapsed_s,n_COMPLETED,n_REJECTED,n_TIMED_OUT,n_UNFINISHED,n_INTERRUPTED,n_COMPLETED_UNCONFIRMED,n_TIMED_OUT_UNCONFIRMED
sweep_W1T8_stress_r2,W1T8,stress,130,2,5003,eval,1268,126.96495116843406,116.14532099821074,True,True,541.3544300640751,922.3798605466981,947.1927085435073,532.4395839998033,8.035185500375519,0.12931382616443443,13.47432541847229,1268,0,0,0,0,0,0
sweep_W1T8_stress_r0,W1T8,stress,130,0,5003,eval,1268,126.96495116843406,111.26676295805676,True,True,732.8455743227096,1404.5895395418029,1441.1666825721477,724.3930154995724,8.194083499802218,0.13031104936089832,15.033409833908081,1268,0,0,0,0,0,0
sweep_W4T2_medium_r1,W4T2,medium,90,1,5002,eval,927,92.72371876137534,92.64957102975147,True,True,16.62349941307184,22.914533498624223,28.737504950622682,1.5785700006745174,14.257000999350566,0.12492753830883885,12.470858097076416,927,0,0,0,0,0,0
sweep_W4T2_stress_r1,W4T2,stress,130,1,5003,eval,1268,126.96495116843406,126.73070527256982,True,True,16.209898671604606,23.304689280303137,30.765298252399543,1.5458779998880345,13.905325999985507,0.1200720366796304,13.694885969161987,1268,0,0,0,0,0,0
sweep_W8T1_low_r0,W8T1,low,40,0,5001,eval,435,43.80301795358552,43.75150621155771,True,True,31.745785352541134,33.97240879812671,35.467238452365564,2.333931999601191,29.185169000811584,0.15800612891325727,13.26065969467163,435,0,0,0,0,0,0
sweep_W2T4_stress_r1,W2T4,stress,130,1,5003,eval,1268,126.96495116843406,126.56630722366366,True,True,14.572166735888459,32.044283101276946,46.33170653022716,2.889680500175018,9.514995500012446,0.13405226582108298,11.537674188613892,1268,0,0,0,0,0,0
sweep_W1T8_stress_r1,W1T8,stress,130,1,5003,eval,1268,126.96495116843406,117.84655004956842,True,True,474.78225756458414,793.463406724095,812.0675926683361,466.9238054998459,7.923913500235358,0.13823902509102481,13.571361303329468,1268,0,0,0,0,0,0
sweep_W1T8_medium_r1,W1T8,medium,90,1,5002,eval,927,92.72371876137534,92.54405258850063,True,True,22.17339505932614,62.30066857451673,81.62971282061335,13.773039000625431,8.109047999823815,0.11953903231187724,12.895791292190552,927,0,0,0,0,0,0
sweep_W1T8_medium_r2,W1T8,medium,90,2,5002,eval,927,92.72371876137534,92.57263145150806,True,True,23.177209059213055,61.50758588128155,85.19394998229473,14.593574000173248,8.198796000215225,0.13159416630514897,14.167128086090088,927,0,0,0,0,0,0
sweep_W4T2_low_r2,W4T2,low,40,2,5001,eval,435,43.80301795358552,43.80348140428735,True,True,20.01172348354885,22.954541182389217,25.023141242891114,1.9573680001485627,18.03250200009643,0.13151855637261178,14.01448130607605,435,0,0,0,0,0,0
sweep_W2T4_stress_r0,W2T4,stress,130,0,5003,eval,1268,126.96495116843406,126.68472145153075,True,True,14.348598563628912,31.095323576619176,44.36593365072437,2.8199514995321806,9.532292499898176,0.12368093393888557,13.688201189041138,1268,0,0,0,0,0,0
sweep_W1T8_low_r0,W1T8,low,40,0,5001,eval,435,43.80301795358552,43.853291005744964,True,True,12.431747783011815,23.35406757301825,29.35499931389131,2.1214999997027917,8.770991999881517,0.13245845093479147,13.395143985748291,435,0,0,0,0,0,0
sweep_W2T4_low_r2,W2T4,low,40,2,5001,eval,435,43.80301795358552,43.83080881294723,True,True,13.462668053762172,17.570855578378527,22.195398343937985,1.8982190003953292,11.180251999576285,0.13762611342826858,12.980169296264648,435,0,0,0,0,0,0
sweep_W2T4_medium_r1,W2T4,medium,90,1,5002,eval,927,92.72371876137534,92.68085674720005,True,True,13.046261695308203,23.10395735376005,31.05032820192719,1.9568769994293689,9.508506000202033,0.13287087040225742,13.453766345977783,927,0,0,0,0,0,0
sweep_W8T1_medium_r0,W8T1,medium,90,0,5002,eval,927,92.72371876137534,92.47129390799718,True,True,26.880126505602675,33.41562248297123,39.74759959864969,1.9439380002950202,24.53477299968654,0.14300122256827308,13.270915746688843,927,0,0,0,0,0,0
sweep_W8T1_low_r2,W8T1,low,40,2,5001,eval,435,43.80301795358552,43.717473933653324,True,True,31.707108914815763,34.08604746391575,41.629592771023454,2.323480999621097,29.19415900032618,0.1529878227302106,13.734323024749756,435,0,0,0,0,0,0
sweep_W1T8_low_r2,W1T8,low,40,2,5001,eval,435,43.80301795358552,43.85614131242437,True,True,12.316732539147779,24.5422658960706,32.22404630785604,2.1930559996690135,8.836545999656664,0.1341928364126943,13.433748483657837,435,0,0,0,0,0,0
sweep_W4T2_low_r0,W4T2,low,40,0,5001,eval,435,43.80301795358552,43.80150637254895,True,True,20.260734486328147,22.904536725673093,24.172303838859072,1.9761650000873487,18.08773700031452,0.14148598256724654,13.402483463287354,435,0,0,0,0,0,0
sweep_W1T8_medium_r0,W1T8,medium,90,0,5002,eval,927,92.72371876137534,92.65986626588754,True,True,22.987407289292605,65.66588745981785,94.2953529348415,14.164548000735522,8.171352999852388,0.1261099559997092,15.383615970611572,927,0,0,0,0,0,0
sweep_W2T4_low_r0,W2T4,low,40,0,5001,eval,435,43.80301795358552,43.85282683794431,True,True,13.91680679989804,17.4343611045515,21.99249064757166,1.9218030001866282,11.575436999919475,0.13480441066349158,14.110697031021118,435,0,0,0,0,0,0
sweep_W8T1_medium_r2,W8T1,medium,90,2,5002,eval,927,92.72371876137534,92.59159035533429,True,True,26.90787339270173,33.61754312072662,35.482439553306904,2.0010830003229785,24.502623999978823,0.14510646815324435,13.501328468322754,927,0,0,0,0,0,0
sweep_W2T4_medium_r0,W2T4,medium,90,0,5002,eval,927,92.72371876137534,92.70878835409867,True,True,13.490988487319555,23.846786940885064,33.374081032834525,2.02385000011418,10.435794999466452,0.1337564854111406,12.276458740234375,927,0,0,0,0,0,0
sweep_W8T1_stress_r0,W8T1,stress,130,0,5003,eval,1268,126.96495116843406,126.53460512983371,True,True,25.014452093728323,33.83724508935301,38.98939200012136,1.6932599996835052,22.77004149982531,0.13351803863770328,13.38924264907837,1268,0,0,0,0,0,0
sweep_W4T2_low_r1,W4T2,low,40,1,5001,eval,435,43.80301795358552,43.80439404899518,True,True,20.452362621654174,23.03893650896498,24.799784890328738,1.983679000659322,18.417737999698147,0.12618137770914473,12.358149290084839,435,0,0,0,0,0,0
sweep_W4T2_medium_r0,W4T2,medium,90,0,5002,eval,927,92.72371876137534,92.63147129906999,True,True,16.477255298013915,22.263697132711965,24.457880283462146,1.63829099983559,14.040449999811244,0.13311572456586873,13.334421873092651,927,0,0,0,0,0,0
sweep_W8T1_stress_r2,W8T1,stress,130,2,5003,eval,1268,126.96495116843406,126.66558066187064,True,True,24.84418144558731,32.901308822329156,37.43668851734583,1.7613859999983106,22.619405500336143,0.13180989617467276,12.965060949325562,1268,0,0,0,0,0,0
sweep_W1T8_low_r1,W1T8,low,40,1,5001,eval,435,43.80301795358552,43.85384602706396,True,True,12.575714820741268,25.341303378081637,31.672605483599906,2.239242000541708,8.952600000156963,0.12997537123737857,13.629494428634644,435,0,0,0,0,0,0
sweep_W4T2_stress_r0,W4T2,stress,130,0,5003,eval,1268,126.96495116843406,126.65078774230045,True,True,16.041488358951028,23.173720053455323,29.734668192468195,1.542806499855942,13.833814000008715,0.1258949846487667,14.280011892318726,1268,0,0,0,0,0,0
sweep_W8T1_medium_r1,W8T1,medium,90,1,5002,eval,927,92.72371876137534,92.52782744460585,True,True,26.645658810593886,33.296377234637475,35.378374483116204,1.9762649999393034,24.32034399953409,0.14070448287384352,13.597572565078735,927,0,0,0,0,0,0
sweep_W2T4_low_r1,W2T4,low,40,1,5001,eval,435,43.80301795358552,43.848206783326816,True,True,13.60618276794412,17.57926722330012,22.784460076072705,1.9020139998247032,11.332822999975178,0.13299184411152964,13.091997623443604,435,0,0,0,0,0,0
sweep_W4T2_stress_r2,W4T2,stress,130,2,5003,eval,1268,126.96495116843406,126.61045081046503,True,True,16.35470008568518,23.569987330438376,29.239873694868944,1.5839099996810546,13.8159019993509,0.12655697219088324,13.3099684715271,1268,0,0,0,0,0,0
sweep_W2T4_stress_r2,W2T4,stress,130,2,5003,eval,1268,126.96495116843406,126.56104506471956,True,True,16.162996405910235,35.969222936910185,47.45654594600633,4.126463500142563,10.86982450033247,0.1448021384931053,13.91904902458191,1268,0,0,0,0,0,0
sweep_W4T2_medium_r2,W4T2,medium,90,2,5002,eval,927,92.72371876137534,92.61435592686287,True,True,16.21578024514747,22.787609934675853,27.06055666814791,1.5881870003795484,13.957093000499299,0.1271939499929431,13.072821140289307,927,0,0,0,0,0,0
sweep_W8T1_stress_r1,W8T1,stress,130,1,5003,eval,1268,126.96495116843406,126.58282728634111,True,True,24.547091643398744,32.91064744894356,35.56703213818762,1.559078999889607,22.399365499495616,0.12901207674076431,13.220868110656738,1268,0,0,0,0,0,0
sweep_W8T1_low_r1,W8T1,low,40,1,5001,eval,435,43.80301795358552,43.752067860977476,True,True,31.93928385826439,34.06620103369278,36.19745337879066,2.269537000756827,29.4677159999992,0.14887198813084979,13.027381896972656,435,0,0,0,0,0,0
sweep_W2T4_medium_r2,W2T4,medium,90,2,5002,eval,927,92.72371876137534,92.70511262802776,True,True,12.704320098237076,23.50802669943732,33.60483353368181,1.9340750004630536,9.680096000010963,0.1318255390287959,12.279930353164673,927,0,0,0,0,0,0
