run_id,config,rate_label,rate_hz_nominal,duration_s_nominal,seed,n_requests,run_valid,orderly_shutdown,collection_confirmed,throughput_within_nominal_window_per_s,e2e_p50_ms,e2e_p95_ms,e2e_p99_ms,wall_elapsed_s,n_COMPLETED,n_REJECTED,n_TIMED_OUT,n_UNFINISHED,n_INTERRUPTED,n_COMPLETED_UNCONFIRMED,n_TIMED_OUT_UNCONFIRMED,n_UNKNOWN
recheck_W4T2_low_seed20002,W4T2,low,40,132,20002,5413,True,True,True,41.0,19.169063936715247,21.57853875141882,22.65869295908488,133.11659860610962,5413,0,0,0,0,0,0,0
recheck_W4T2_medium_seed20001,W4T2,medium,90,59,20001,5276,True,True,True,89.42372881355932,15.738651987703633,21.095270672049082,25.0034643604522,60.076268434524536,5276,0,0,0,0,0,0,0
recheck_W4T2_stress_seed20003,W4T2,stress,130,41,20003,5181,True,True,True,126.3170731707317,15.157838312006788,22.245768948778277,27.280886655353225,42.11643075942993,5181,0,0,0,0,0,0,0
recheck_W4T2_low_seed20003,W4T2,low,40,132,20003,5128,True,True,True,38.84848484848485,19.599673705670284,21.712645148272713,23.307905279725656,133.1012408733368,5128,0,0,0,0,0,0,0
recheck_W4T2_low_seed20001,W4T2,low,40,132,20001,5254,True,True,True,39.803030303030305,19.523419966390065,21.66938746868254,23.066827124712294,133.07388138771057,5254,0,0,0,0,0,0,0
recheck_W2T4_stress_seed20003,W2T4,stress,130,41,20003,5181,True,True,True,126.3170731707317,13.884993988540373,39.46719910527463,52.641886214405474,42.121153831481934,5181,0,0,0,0,0,0,0
recheck_W2T4_medium_seed20003,W2T4,medium,90,59,20003,5162,True,True,True,87.49152542372882,12.396049643029983,21.237557983477014,27.637967126993328,60.056312084198,5162,0,0,0,0,0,0,0
recheck_W2T4_medium_seed20002,W2T4,medium,90,59,20002,5440,True,True,True,92.1864406779661,12.345685637228598,23.424311248709273,36.2124304316966,60.06105828285217,5440,0,0,0,0,0,0,0
recheck_W2T4_stress_seed20002,W2T4,stress,130,41,20002,5455,True,True,True,133.0487804878049,14.682854864076944,39.176690629210505,75.86160509326876,42.079466581344604,5455,0,0,0,0,0,0,0
recheck_W2T4_stress_seed20001,W2T4,stress,130,41,20001,5304,True,True,True,129.1951219512195,14.467915143541177,39.24902743874554,67.26948115261644,42.12188267707825,5304,0,0,0,0,0,0,0
recheck_W2T4_low_seed20001,W2T4,low,40,132,20001,5254,True,True,True,39.803030303030305,13.16398568724253,16.66527410707203,21.746799886877856,133.0516872406006,5254,0,0,0,0,0,0,0
recheck_W2T4_low_seed20003,W2T4,low,40,132,20003,5128,True,True,True,38.84848484848485,13.078645705718372,16.22553817232983,21.227612563325142,133.0289168357849,5128,0,0,0,0,0,0,0
recheck_W4T2_stress_seed20002,W4T2,stress,130,41,20002,5455,True,True,True,133.02439024390245,15.503889248066116,25.629851466146654,35.63937515409635,42.165937185287476,5455,0,0,0,0,0,0,0
recheck_W2T4_medium_seed20001,W2T4,medium,90,59,20001,5276,True,True,True,89.42372881355932,13.218096944001445,24.427560349977284,30.23603360134075,60.04865026473999,5276,0,0,0,0,0,0,0
recheck_W2T4_low_seed20002,W2T4,low,40,132,20002,5413,True,True,True,41.0,12.636056146220653,16.816689022380157,21.19696960100555,133.0753026008606,5413,0,0,0,0,0,0,0
recheck_W4T2_medium_seed20003,W4T2,medium,90,59,20003,5162,True,True,True,87.47457627118644,15.909885587461758,21.0842875835624,24.069646565822055,60.1146981716156,5162,0,0,0,0,0,0,0
recheck_W4T2_medium_seed20002,W4T2,medium,90,59,20002,5440,True,True,True,92.1864406779661,15.47403386393853,21.226498326450383,25.49397302549549,60.099663496017456,5440,0,0,0,0,0,0,0
recheck_W4T2_stress_seed20001,W4T2,stress,130,41,20001,5304,True,True,True,129.29268292682926,15.32825358572154,24.031923467646262,31.057606599606526,42.08667778968811,5304,0,0,0,0,0,0,0
