request_id,scheduled_ts,enqueue_ts,enqueue_attempt_ts,execution_start,completion_ts,worker_id,outcome,outcome_confirmed,generator_delay_ms,queueing_delay_ms,service_time_ms,e2e_latency_ms
0,5446.037556523206,5446.037633828,5446.037633828,5446.040328121,5446.053656664,0,COMPLETED,True,0.0773047941038385,2.6942929998767795,13.328543000170612,16.10014079415123
1,5446.131564336477,5446.131648012,5446.131648012,5446.133081699,5446.153081618,1,COMPLETED,True,0.08367552345589502,1.4336869999169721,19.999918999928923,21.51728152330179
2,5446.203712782744,5446.203939788,5446.203939788,5446.206067875,5446.224183348,0,COMPLETED,True,0.22700525551044848,2.128087000528467,18.1154729998525,20.470565255891415
3,5446.218435968589,5446.218588424,5446.218588424,5446.220588899,5446.234751422,1,COMPLETED,True,0.15245541089825565,2.000475000386359,14.162522999868088,16.315453411152703
4,5446.252638907572,5446.252781744,5446.252781744,5446.254900276,5446.274336945,0,COMPLETED,True,0.14283642758528003,2.118532000167761,19.436669000242546,21.698037427995587
5,5446.282484512165,5446.282664815,5446.282664815,5446.283996605,5446.298645711,1,COMPLETED,True,0.18030283536063507,1.3317899993126048,14.649106000433676,16.161198835106916
6,5446.335203705368,5446.335356107,5446.335356107,5446.33727574,5446.347415946,0,COMPLETED,True,0.15240163156704511,1.91963300039788,10.140205999960017,12.212240631924942
7,5446.41293304898,5446.413170927,5446.413170927,5446.415407856,5446.433449324,1,COMPLETED,True,0.23787801910657436,2.2369289999915054,18.04146800077433,20.51627501987241
8,5446.417861099153,5446.418207255,5446.418207255,5446.420979896,5446.44014819,0,COMPLETED,True,0.346155847182672,2.7726409998649615,19.168294000337482,22.287090847385116
9,5446.419298950382,5446.419707747,5446.419707747,5446.433717418,5446.449828602,1,COMPLETED,True,0.4087966181032243,14.009671000167145,16.111183999782952,30.52965161805332
10,5446.509621829518,5446.509754529,5446.509754529,5446.511697435,5446.527121814,0,COMPLETED,True,0.13269948158267653,1.9429060002948972,15.42437899934157,17.499984481219144
11,5446.5379710917505,5446.538186415,5446.538186415,5446.540147093,5446.555980686,1,COMPLETED,True,0.2153232499040314,1.9606779997047852,15.833593000024848,18.009594249633665
12,5446.609804197518,5446.609898784,5446.609898784,5446.61196256,5446.626654198,0,COMPLETED,True,0.09458648128202185,2.0637760007957695,14.691637999931118,16.85000048200891
13,5446.609909611228,5446.610818343,5446.610818343,5446.612425808,5446.626075923,1,COMPLETED,True,0.9087317712328513,1.6074650002337876,13.650115000018559,16.166311771485198
14,5446.639383864011,5446.639553288,5446.639553288,5446.640879376,5446.650182326,1,COMPLETED,True,0.16942398906394374,1.3260880004963838,9.30294999943726,10.798461988997587
15,5446.703307912642,5446.703394446,5446.703394446,5446.704791433,5446.717749884,0,COMPLETED,True,0.08653335771668935,1.396986999679939,12.958451000486093,14.441971357882721
16,5446.7162958401395,5446.716471009,5446.716471009,5446.718346816,5446.731371152,1,COMPLETED,True,0.17516886055091163,1.8758070000330918,13.024335999944014,15.075311860528018
17,5446.861563639276,5446.861808101,5446.861808101,5446.864264012,5446.879415143,0,COMPLETED,True,0.24446172392345034,2.4559109997426276,15.151131000493478,17.851503724159556
18,5446.977411765823,5446.977567891,5446.977567891,5446.980752478,5446.995163046,1,COMPLETED,True,0.15612517745466903,3.1845869998505805,14.410568000130297,17.751280177435547
19,5446.9789651469455,5446.979400955,5446.979400955,5446.982620651,5446.997482915,0,COMPLETED,True,0.4358080541351228,3.219696000087424,14.862263999930292,18.51776805415284
20,5446.980253907241,5446.981561386,5446.981561386,5446.99539425,5447.007617911,1,COMPLETED,True,1.3074787593723158,13.832863999596157,12.223661000462016,27.36400375943049
21,5447.019234112564,5447.019329846,5447.019329846,5447.020619554,5447.02959496,0,COMPLETED,True,0.09573343595548067,1.2897080005132011,8.975405999990471,10.360847436459153
22,5447.159200597607,5447.159354607,5447.159354607,5447.162118248,5447.175844979,1,COMPLETED,True,0.1540093926450936,2.7636410004561185,13.72673100013344,16.644381393234653
23,5447.183199598035,5447.183313387,5447.183313387,5447.185347522,5447.197815715,0,COMPLETED,True,0.11378896579117281,2.0341349991213065,12.468193000131578,14.616116965044057
24,5447.195405152444,5447.19556725,5447.19556725,5447.197808637,5447.210171933,1,COMPLETED,True,0.16209755540330661,2.2413870001400937,12.363296000330593,14.766780555873993
25,5447.22282430837,5447.223012437,5447.223012437,5447.224683082,5447.235060182,0,COMPLETED,True,0.18812862981576473,1.6706450005585793,10.37709999945946,12.235873629833804
26,5447.224297849236,5447.224407381,5447.224407381,5447.225821322,5447.241098935,1,COMPLETED,True,0.10953176388284191,1.413941000464547,15.277612999852863,16.801085764200252
27,5447.2368294751095,5447.236950854,5447.236950854,5447.238342276,5447.247361489,0,COMPLETED,True,0.12137889007135527,1.39142200077913,9.01921299919195,10.532013890042435
28,5447.2656321469985,5447.26574484,5447.26574484,5447.266894308,5447.278211292,1,COMPLETED,True,0.11269300102867419,1.1494680002215318,11.316984000586672,12.579145001836878
29,5447.299872474166,5447.299972417,5447.299972417,5447.30119472,5447.310517001,0,COMPLETED,True,0.09994283482228639,1.2223029998494894,9.322281000095245,10.64452683476702
30,5447.3131414035815,5447.313253324,5447.313253324,5447.314325295,5447.324336161,1,COMPLETED,True,0.11192041802132735,1.0719710007833783,10.010865999902308,11.194757418707013
31,5447.326265942405,5447.326388795,5447.326388795,5447.327729084,5447.33916932,0,COMPLETED,True,0.12285259435884655,1.3402889999269973,11.440236000453297,12.90337759473914
32,5447.338610932731,5447.33869185,5447.33869185,5447.3398404,5447.348793186,1,COMPLETED,True,0.0809172688605031,1.148549999925308,8.952786000008928,10.182253268794739
33,5447.36938353704,5447.36953696,5447.36953696,5447.371666622,5447.386031534,0,COMPLETED,True,0.15342295955633745,2.129661999788368,14.364912000019103,16.64799695936381
34,5447.386492675599,5447.386684869,5447.386684869,5447.387708642,5447.400450881,1,COMPLETED,True,0.1921934017445892,1.0237729993605171,12.742239000544942,13.958205401650048
35,5447.3875788741625,5447.387684554,5447.387684554,5447.388613993,5447.401427972,0,COMPLETED,True,0.10567983736109454,0.9294390001741704,12.813979000384279,13.849097837919544
36,5447.478456736292,5447.47863186,5447.47863186,5447.481171876,5447.494615793,1,COMPLETED,True,0.1751237077769474,2.5400160002391203,13.44391699967673,16.1590567076928
37,5447.5191044607745,5447.519229885,5447.519229885,5447.521610769,5447.5350434,0,COMPLETED,True,0.12542422518890817,2.3808840005585807,13.432630999886896,15.938939225634385
38,5447.570506704456,5447.57063474,5447.57063474,5447.57285454,5447.586053235,1,COMPLETED,True,0.12803554363927105,2.2197999996933504,13.198695000028238,15.54653054336086
39,5447.580790692814,5447.580953042,5447.580953042,5447.582898548,5447.596195644,0,COMPLETED,True,0.16234918621194083,1.9455060000836966,13.297095999405428,15.404951185701066
40,5447.825723561097,5447.825845403,5447.825845403,5447.828240623,5447.840905438,1,COMPLETED,True,0.12184190291009145,2.3952199999257573,12.664814999880036,15.181876902715885
41,5447.9240101107025,5447.924138621,5447.924138621,5447.926688618,5447.941487424,0,COMPLETED,True,0.12851029714511242,2.549997000642179,14.798805999816977,17.47731329760427
42,5447.930452370762,5447.930597163,5447.930597163,5447.932723572,5447.949081325,1,COMPLETED,True,0.1447922377337818,2.126409000084095,16.357753000193043,18.62895423801092
43,5447.950677787962,5447.950928742,5447.950928742,5447.953389052,5447.965907074,0,COMPLETED,True,0.25095403725572396,2.4603100000604172,12.518022000222118,15.229286037538259
44,5448.014591849665,5448.014718079,5448.014718079,5448.016740394,5448.030583031,1,COMPLETED,True,0.1262293353647692,2.022315000431263,13.842636999470415,15.991181335266447
45,5448.076691468369,5448.076848625,5448.076848625,5448.0852433,5448.097072746,0,COMPLETED,True,0.1571566308484762,8.394675000090501,11.82944599986513,20.381277630804107
46,5448.214480476847,5448.214632831,5448.214632831,5448.217586765,5448.231672961,1,COMPLETED,True,0.15235415321512846,2.9539340002884273,14.086195999880147,17.192484153383703
47,5448.241898804272,5448.242062585,5448.242062585,5448.245110933,5448.260109294,0,COMPLETED,True,0.16378072814404732,3.0483480004477315,14.998360999925353,18.210489728517132
48,5448.330507145492,5448.330636275,5448.330636275,5448.332842617,5448.346825401,1,COMPLETED,True,0.12912950751342578,2.206342000135919,13.982784000290849,16.318255507940194
49,5448.3859865961085,5448.386119451,5448.386119451,5448.388531729,5448.402269814,0,COMPLETED,True,0.13285489148984198,2.4122779996105237,13.738085000113642,16.283217891214008
50,5448.404061532015,5448.404144955,5448.404144955,5448.405356191,5448.416930522,1,COMPLETED,True,0.08342298588104313,1.2112359991078847,11.574331000701932,12.86898998569086
51,5448.448347257071,5448.44843804,5448.44843804,5448.449647204,5448.458624253,0,COMPLETED,True,0.09078292896447238,1.2091640001017367,8.977049000350235,10.276995929416444
52,5448.555404169323,5448.555548782,5448.555548782,5448.558025631,5448.57227111,1,COMPLETED,True,0.14461267710430548,2.4768490002315957,14.245478999328043,16.866940676663944
53,5448.6490084411635,5448.649083692,5448.649083692,5448.650664156,5448.663881897,0,COMPLETED,True,0.07525083674408961,1.5804639997440972,13.217740999607486,14.873455836095673
54,5448.684196993951,5448.684276364,5448.684276364,5448.685590713,5448.697719558,1,COMPLETED,True,0.07937004829727812,1.3143490004949854,12.12884500000655,13.522564048798813
55,5448.72865537187,5448.728745115,5448.728745115,5448.730176139,5448.74635787,0,COMPLETED,True,0.08974312913778704,1.4310240003396757,16.181730999960564,17.702498129438027
56,5448.730412168401,5448.730525564,5448.730525564,5448.731831724,5448.74413422,1,COMPLETED,True,0.1133955993282143,1.3061599993307027,12.302496000302199,13.722051598961116
57,5448.744314597828,5448.74445291,5448.74445291,5448.747372033,5448.761491527,1,COMPLETED,True,0.13831217256665695,2.9191229996285983,14.119493999714905,17.17692917191016
58,5448.824141730459,5448.824288447,5448.824288447,5448.826815932,5448.841807088,0,COMPLETED,True,0.14671654116682475,2.5274849995184923,14.991156000178307,17.665357540863624
59,5448.850890303858,5448.851091869,5448.851091869,5448.853347042,5448.867671455,1,COMPLETED,True,0.20156514165137196,2.2551729998667724,14.324413000394998,16.781151141913142
60,5448.860388280554,5448.860549085,5448.860549085,5448.862728442,5448.875911107,0,COMPLETED,True,0.16080444584076758,2.179357000386517,13.182665000385896,15.52282644661318
61,5448.900180372237,5448.900292665,5448.900292665,5448.901925254,5448.91302817,1,COMPLETED,True,0.11229276333324378,1.6325890001098742,11.102915999799734,12.847797763242852
62,5448.960888392017,5448.960990297,5448.960990297,5448.962121518,5448.973064181,0,COMPLETED,True,0.10190498232987011,1.1312209999232437,10.942663000605535,12.175788982858649
63,5449.017005856357,5449.017085734,5449.017085734,5449.018373542,5449.028279771,1,COMPLETED,True,0.0798776427473058,1.2878079996880842,9.906229000080202,11.273914642515592
64,5449.040482285102,5449.040605927,5449.040605927,5449.042464427,5449.05419317,0,COMPLETED,True,0.12364189751679078,1.8584999997983687,11.728743000276154,13.710884897591313
65,5449.06938058411,5449.069464037,5449.069464037,5449.070609127,5449.083115188,1,COMPLETED,True,0.08345289006683743,1.1450900001364062,12.506060999839974,13.734603890043218
66,5449.104887773333,5449.104967668,5449.104967668,5449.106053479,5449.115525712,0,COMPLETED,True,0.07989466757862829,1.0858109999389853,9.47223299954203,10.637938667059643
67,5449.180241455761,5449.180370872,5449.180370872,5449.182443042,5449.196412952,1,COMPLETED,True,0.12941623936058022,2.0721700002468424,13.969910000014352,16.171496239621774
68,5449.217037762029,5449.217159693,5449.217159693,5449.219547841,5449.234447739,0,COMPLETED,True,0.12193097154522547,2.3881480001364253,14.899897999384848,17.4099769710665
69,5449.242020103606,5449.242100376,5449.242100376,5449.2434595,5449.256055729,1,COMPLETED,True,0.08027239437069511,1.3591240003734129,12.596228999427694,14.035625394171802
70,5449.27565729328,5449.27576872,5449.27576872,5449.277349028,5449.28809774,0,COMPLETED,True,0.11142671974084806,1.5803079995748703,10.74871200034977,12.440446719665488
71,5449.2771583493795,5449.277267831,5449.277267831,5449.278510191,5449.287974566,1,COMPLETED,True,0.10948162071144907,1.2423600001056911,9.46437499987951,10.81621662069665
72,5449.279381409506,5449.27955122,5449.27955122,5449.288197955,5449.297551106,1,COMPLETED,True,0.16981049429887207,8.64673500018398,9.353151000141224,18.169696494624077
73,5449.340146932608,5449.340398781,5449.340398781,5449.34165531,5449.35233233,0,COMPLETED,True,0.2518483915991965,1.2565289998747176,10.677020000002813,12.185397391476727
74,5449.544429209967,5449.544672933,5449.544672933,5449.547088796,5449.561408251,1,COMPLETED,True,0.24372303232667036,2.415863000351237,14.319455000077141,16.97904103275505
75,5449.58939889104,5449.589544486,5449.589544486,5449.591799816,5449.605962592,0,COMPLETED,True,0.145594959576556,2.2553300004801713,14.162775999466248,16.563700959522976
76,5449.614409637414,5449.614569546,5449.614569546,5449.615942639,5449.62984248,1,COMPLETED,True,0.15990858628356364,1.37309300043853,13.899840999329172,15.432842586051265
77,5449.623747156705,5449.62379501,5449.62379501,5449.62609786,5449.6388948,0,COMPLETED,True,0.04785329565493157,2.302849999978207,12.796940000043833,15.147643295676971
78,5449.658628874191,5449.658765074,5449.658765074,5449.661066241,5449.673792187,1,COMPLETED,True,0.1361998092761496,2.3011670000414597,12.725945999591204,15.163312808908813
79,5449.859711386775,5449.859852899,5449.859852899,5449.86238098,5449.876595829,0,COMPLETED,True,0.1415122242178768,2.528081000491511,14.214848999472451,16.88444222418184
80,5449.933309040861,5449.933461457,5449.933461457,5449.93563461,5449.949634142,1,COMPLETED,True,0.1524161389170331,2.1731530005126842,13.99953199961601,16.325101139045728
81,5449.972093915926,5449.972164556,5449.972164556,5449.974166684,5449.988093012,0,COMPLETED,True,0.0706400742274127,2.002127999730874,13.92632799979765,15.999096073755936
82,5450.070503158471,5450.070745273,5450.070745273,5450.073029527,5450.087249702,1,COMPLETED,True,0.24211452910094522,2.2842539992780075,14.220175000446034,16.746543528824986
83,5450.083712903749,5450.083860586,5450.083860586,5450.086248939,5450.105486221,0,COMPLETED,True,0.14768225082661957,2.388353000242205,19.237282000176492,21.773317251245317
84,5450.1197667505785,5450.119921125,5450.119921125,5450.121910373,5450.134953748,1,COMPLETED,True,0.15437442107213428,1.9892480004273239,13.043375000052038,15.186997421551496
85,5450.272083712615,5450.272253838,5450.272253838,5450.274361905,5450.286077005,0,COMPLETED,True,0.1701253850114881,2.108066999426228,11.715100000401435,13.993292384839151
86,5450.3151969048995,5450.315358378,5450.315358378,5450.317731248,5450.331143031,1,COMPLETED,True,0.16147310088854283,2.3728699998173397,13.411782999355637,15.94612610006152
87,5450.345925881242,5450.346009913,5450.346009913,5450.347517825,5450.360081077,0,COMPLETED,True,0.08403175797866425,1.5079120003065327,12.563252000290959,14.155195758576156
88,5450.361612091963,5450.36176046,5450.36176046,5450.36386417,5450.375436241,1,COMPLETED,True,0.1483680371165974,2.1037099995737663,11.57207100004598,13.824149036736344
89,5450.401315338677,5450.401414424,5450.401414424,5450.402578924,5450.411884875,0,COMPLETED,True,0.09908532319968799,1.1645000004136818,9.305950999987544,10.569536323600914
90,5450.558778490992,5450.55899262,5450.55899262,5450.562042776,5450.577028809,1,COMPLETED,True,0.2141290078725433,3.050156000426796,14.986032999331655,18.250318007630995
91,5450.5590647654335,5450.561155786,5450.561155786,5450.563874858,5450.57954357,0,COMPLETED,True,2.0910205666950787,2.719072000218148,15.668711999751395,20.47880456666462
92,5450.635608865357,5450.635703851,5450.635703851,5450.637367633,5450.650491568,1,COMPLETED,True,0.09498564213572536,1.6637820008327253,13.123934999384801,14.882702642353252
93,5450.72148394481,5450.72172197,5450.72172197,5450.723916179,5450.737881389,0,COMPLETED,True,0.23802518990123644,2.1942090006632498,13.965209999696526,16.397444190261012
94,5450.830140611962,5450.830294218,5450.830294218,5450.83291547,5450.847506469,1,COMPLETED,True,0.15360603811132023,2.621252000608365,14.590998999665317,17.365857038385002
95,5450.897591198171,5450.897687799,5450.897687799,5450.899203275,5450.911089733,0,COMPLETED,True,0.09660082923801383,1.5154760003497358,11.886457999935374,13.498534829523123
96,5450.9804019274015,5450.98052245,5450.98052245,5450.982755909,5450.996341361,1,COMPLETED,True,0.12052259808115195,2.2334590003083576,13.585452000370424,15.939433598759933
97,5451.016962896563,5451.017104883,5451.017104883,5451.019540594,5451.03342331,0,COMPLETED,True,0.1419864365743706,2.435711000543961,13.88271599989821,16.46041343701654
98,5451.0581664655665,5451.058318507,5451.058318507,5451.060535143,5451.073111002,1,COMPLETED,True,0.15204143346636556,2.216636000412109,12.575858999298362,14.944536433176836
99,5451.085930659252,5451.086009955,5451.086009955,5451.086972879,5451.098667579,0,COMPLETED,True,0.07929574803711148,0.9629240003050654,11.69469999967987,12.736919748022046
100,5451.088818645909,5451.088964597,5451.088964597,5451.090976369,5451.102868239,1,COMPLETED,True,0.14595109132642392,2.0117719996051164,11.891869999999471,14.049593090931012
101,5451.190833593325,5451.190996495,5451.190996495,5451.192795452,5451.20495933,0,COMPLETED,True,0.16290167513943743,1.7989569996643695,12.163878000137629,14.125736674941436
102,5451.233032019383,5451.233170155,5451.233170155,5451.235276074,5451.249586592,1,COMPLETED,True,0.13813561690767528,2.105918999404821,14.310518000456796,16.554572616769292
103,5451.2441791617175,5451.244325167,5451.244325167,5451.246258539,5451.258516171,0,COMPLETED,True,0.14600528265873436,1.9333720001668553,12.25763200000074,14.33700928282633
104,5451.279310809894,5451.279426831,5451.279426831,5451.281152925,5451.290387962,1,COMPLETED,True,0.11602110589592485,1.7260940003325231,9.235036999598378,11.077152105826826
105,5451.312482958681,5451.31264311,5451.31264311,5451.314931178,5451.328265703,0,COMPLETED,True,0.1601513185960357,2.288067999870691,13.334525000573194,15.78274431903992
106,5451.3345471566245,5451.334694033,5451.334694033,5451.336644272,5451.349316163,1,COMPLETED,True,0.14687637576571433,1.9502389995977865,12.671891000536561,14.769006375900062
107,5451.355785510466,5451.356023608,5451.356023608,5451.358303244,5451.370792501,0,COMPLETED,True,0.23809753383829957,2.2796359999119886,12.48925700019754,15.006990533947828
108,5451.394446874451,5451.394525047,5451.394525047,5451.395952302,5451.409140135,1,COMPLETED,True,0.07817254845576826,1.4272550006353413,13.187832999392413,14.693260548483522
109,5451.443287335367,5451.443482752,5451.443482752,5451.444784069,5451.456099096,0,COMPLETED,True,0.19541663277777843,1.3013170000704122,11.315026999909605,12.811760632757796
110,5451.490683173676,5451.490804798,5451.490804798,5451.493107054,5451.505650211,1,COMPLETED,True,0.12162432358309161,2.302255999893532,12.543157000436622,14.967037323913246
111,5451.521321181833,5451.521408744,5451.521408744,5451.52273682,5451.536121221,0,COMPLETED,True,0.08756216720939847,1.3280760003908654,13.384400999711943,14.800039167312207
112,5451.522739868748,5451.522840552,5451.522840552,5451.523957111,5451.533586012,1,COMPLETED,True,0.10068325173051562,1.1165589994561742,9.628901000724,10.84614325191069
113,5451.535782466211,5451.535942996,5451.535942996,5451.537793008,5451.546773947,1,COMPLETED,True,0.16052978935476858,1.8500120004318887,8.980938999229693,10.99148078901635
114,5451.54553525646,5451.545703954,5451.545703954,5451.547707184,5451.557446901,0,COMPLETED,True,0.16869753926584963,2.0032299999002134,9.739717000229575,11.911644539395638
115,5451.589444181225,5451.589559207,5451.589559207,5451.590709429,5451.60145604,1,COMPLETED,True,0.115025774903188,1.1502219995236374,10.746611000286066,12.011858774712891
116,5451.688111435977,5451.688354495,5451.688354495,5451.690413743,5451.701971548,0,COMPLETED,True,0.24305902297783177,2.0592480004779645,11.557804999938526,13.860112023394322
117,5451.76819458193,5451.768352703,5451.768352703,5451.770342525,5451.782121,1,COMPLETED,True,0.15812106994417263,1.989821999814012,11.778475000028266,13.92641806978645
118,5451.847946082909,5451.84809847,5451.84809847,5451.850264804,5451.864334852,0,COMPLETED,True,0.15238709056575317,2.1663340003215126,14.070047999666713,16.38876909055398
119,5451.932706051153,5451.932908503,5451.932908503,5451.934483673,5451.94675792,1,COMPLETED,True,0.20245184714440256,1.5751699993415968,12.274247000277683,14.051868846763682
120,5451.947444342312,5451.947579349,5451.947579349,5451.949677245,5451.961928509,0,COMPLETED,True,0.1350066877421341,2.0978960001230007,12.251264000042283,14.484166687907418
121,5452.039621670464,5452.03976888,5452.03976888,5452.042111935,5452.056052517,1,COMPLETED,True,0.14720953640789958,2.3430549999829964,13.940582000032009,16.430846536422905
122,5452.095528787512,5452.095675436,5452.095675436,5452.097698557,5452.112119933,0,COMPLETED,True,0.1466484882257646,2.0231209991834476,14.4213760004277,16.59114548783691
123,5452.099873945989,5452.100073774,5452.100073774,5452.102248477,5452.115782223,1,COMPLETED,True,0.19982801040896447,2.174703000491718,13.53374599966628,15.908277010566962
124,5452.100715520401,5452.101427547,5452.101427547,5452.112327943,5452.124271069,0,COMPLETED,True,0.7120265991034103,10.900396000579349,11.943126000005577,23.555548599688336
125,5452.101448870981,5452.103270497,5452.103270497,5452.116071242,5452.127273174,1,COMPLETED,True,1.8216260195913492,12.800744999367453,11.201932000403758,25.82430301936256
126,5452.171893618084,5452.171997339,5452.171997339,5452.17329599,5452.182813892,0,COMPLETED,True,0.10372091583121801,1.2986510000700946,9.51790199997049,10.920273915871803
127,5452.1862483453815,5452.18637178,5452.18637178,5452.188123674,5452.200973716,1,COMPLETED,True,0.12343461821728852,1.7518940003355965,12.850041999627138,14.725370618180023
128,5452.19204631564,5452.192178041,5452.192178041,5452.193407211,5452.205996647,0,COMPLETED,True,0.13172536000638502,1.2291699995330418,12.589435999871057,13.950331359410484
129,5452.241061396473,5452.241209849,5452.241209849,5452.242786935,5452.251993849,1,COMPLETED,True,0.1484525273554027,1.5770859999975073,9.206914000060351,10.932452527413261
130,5452.262173361863,5452.262261591,5452.262261591,5452.263213853,5452.274955081,0,COMPLETED,True,0.08822913787298603,0.9522619993731496,11.741228000573756,12.781719137819891
131,5452.265775848373,5452.265931621,5452.265931621,5452.269605203,5452.278948164,1,COMPLETED,True,0.15577262729493668,3.673581999464659,9.342961000584182,13.172315627343778
132,5452.2744712325,5452.274624151,5452.274624151,5452.276730202,5452.287706495,0,COMPLETED,True,0.15291850013454678,2.1060509998278576,10.976292999657744,13.235262499620148
133,5452.311944454519,5452.312032468,5452.312032468,5452.313411264,5452.326120839,1,COMPLETED,True,0.08801348121778574,1.378795999698923,12.709575000371842,14.17638448128855
134,5452.321149307896,5452.321230637,5452.321230637,5452.322211041,5452.333999955,0,COMPLETED,True,0.08132910352287581,0.9804040000744862,11.788914000135264,12.850647103732626
135,5452.33708486364,5452.337173176,5452.337173176,5452.338768949,5452.350183785,1,COMPLETED,True,0.08831236027617706,1.5957730001900927,11.414835999858042,13.098921360324312
136,5452.3992534610215,5452.399331228,5452.399331228,5452.400547003,5452.409844787,0,COMPLETED,True,0.07776697839290136,1.2157749997641076,9.297784000409592,10.591325978566601
137,5452.429574569337,5452.429695738,5452.429695738,5452.431971481,5452.445198447,1,COMPLETED,True,0.12116866309952457,2.2757429997000145,13.226965999820095,15.623877662619634
138,5452.449005099154,5452.449124342,5452.449124342,5452.451208333,5452.464324296,0,COMPLETED,True,0.11924284535780316,2.0839910002905526,13.115963000018382,15.319196845666738
139,5452.481106040489,5452.481191639,5452.481191639,5452.483959403,5452.496496952,1,COMPLETED,True,0.0855985108501045,2.76776400005474,12.537548999716819,15.390911510621663
140,5452.482301958213,5452.482677242,5452.482677242,5452.485509807,5452.495842513,0,COMPLETED,True,0.375283787434455,2.832565000062459,10.332705999644531,13.540554787141446
141,5452.506735363186,5452.507010658,5452.507010658,5452.509209157,5452.52127018,0,COMPLETED,True,0.2752948139459477,2.198499000769516,12.061022999660054,14.534816814375517
142,5452.534050981229,5452.534193283,5452.534193283,5452.536071974,5452.549495562,1,COMPLETED,True,0.1423017711204011,1.878691000456456,13.423587999568554,15.44458077114541
143,5452.544466148472,5452.544608404,5452.544608404,5452.546581351,5452.556069741,0,COMPLETED,True,0.14225552877178416,1.9729469995581894,9.488390000115032,11.603592528445006
144,5452.550223319796,5452.550452763,5452.550452763,5452.551732477,5452.562244417,1,COMPLETED,True,0.22944320426177,1.2797139997928753,10.511940000469622,12.021097204524267
145,5452.66526190688,5452.665394703,5452.665394703,5452.667993917,5452.683720165,0,COMPLETED,True,0.1327961199422134,2.5992139999289066,15.726247999737097,18.458258119608217
146,5452.700941237463,5452.701114015,5452.701114015,5452.703471753,5452.718296899,1,COMPLETED,True,0.1727775370454765,2.357737999773235,14.825146000475797,17.35566153729451
147,5452.7126698550965,5452.712823384,5452.712823384,5452.714644023,5452.724299557,0,COMPLETED,True,0.15352890386566287,1.8206389995611971,9.655534000557964,11.629701903984824
148,5452.759195504622,5452.75930149,5452.75930149,5452.761223252,5452.770893599,1,COMPLETED,True,0.10598537846817635,1.9217619992559776,9.67034700079239,11.698094378516544
149,5452.844119800458,5452.844302484,5452.844302484,5452.847807928,5452.861890206,0,COMPLETED,True,0.1826835414249217,3.505444000438729,14.08227799947781,17.77040554134146
150,5452.845171693487,5452.845846593,5452.845846593,5452.848905686,5452.862685514,1,COMPLETED,True,0.6748995128873503,3.0590930000471417,13.77982800022437,17.513820513158862
151,5452.846072994369,5452.848288446,5452.848288446,5452.862472305,5452.874572739,0,COMPLETED,True,2.2154516309456085,14.183858999786025,12.100433999876259,28.499744630607893
152,5452.853991239921,5452.854133012,5452.854133012,5452.863198555,5452.874302341,1,COMPLETED,True,0.14177207867760444,9.065543000360776,11.103785999694082,20.311101078732463
153,5452.917432003661,5452.91756955,5452.91756955,5452.91967201,5452.932413039,1,COMPLETED,True,0.13754633891949197,2.1024600000600913,12.741028999698756,14.981035338678339
154,5452.926163222034,5452.926284282,5452.926284282,5452.928065806,5452.941212202,0,COMPLETED,True,0.12105996574973688,1.7815239998526522,13.146396000593086,15.048979966195475
155,5452.9871354200695,5452.987265644,5452.987265644,5452.989261406,5453.00162586,1,COMPLETED,True,0.1302239306824049,1.9957619997512666,12.36445399990771,14.490439930341381
156,5453.043822911598,5453.043947302,5453.043947302,5453.046099406,5453.060156911,0,COMPLETED,True,0.12439040165190818,2.1521040007428383,14.057504999982484,16.33399940237723
157,5453.08316308603,5453.083284985,5453.083284985,5453.085464169,5453.099205757,1,COMPLETED,True,0.12189897006464889,2.1791839999423246,13.74158799990255,16.042670969909523
158,5453.0956246141695,5453.09586472,5453.09586472,5453.098010929,5453.110379313,0,COMPLETED,True,0.24010583001654595,2.146209000784438,12.368383999273647,14.75469883007463
159,5453.281271988785,5453.281450189,5453.281450189,5453.283848065,5453.298369517,1,COMPLETED,True,0.17820021457737312,2.397876000031829,14.52145199982624,17.097528214435442
160,5453.36119957237,5453.361383583,5453.361383583,5453.363510306,5453.375710328,0,COMPLETED,True,0.18401062970951898,2.1267229994919035,12.200022000797617,14.51075562999904
161,5453.397545062942,5453.397671372,5453.397671372,5453.39978547,5453.414065768,1,COMPLETED,True,0.12630905803234782,2.114097999765363,14.280297999903269,16.52070505770098
162,5453.410173409432,5453.410190512,5453.410190512,5453.412310908,5453.425004676,0,COMPLETED,True,0.01710256765363738,2.1203960004640976,12.693767999735428,14.831266567853163
163,5453.462451600785,5453.462680176,5453.462680176,5453.464544709,5453.477128552,1,COMPLETED,True,0.22857521435071249,1.864533000116353,12.583843000356865,14.67695121482393
164,5453.487569513606,5453.487682457,5453.487682457,5453.489662841,5453.499646869,0,COMPLETED,True,0.1129433940150193,1.9803839995802264,9.984027999962564,12.07735539355781
165,5453.530452443327,5453.530531571,5453.530531571,5453.531935817,5453.542651283,1,COMPLETED,True,0.07912767341622384,1.4042459997654078,10.71546599996509,12.198839673146722
166,5453.54982725501,5453.549904225,5453.549904225,5453.550842625,5453.560704696,0,COMPLETED,True,0.07696999000472715,0.9383999995407066,9.862071000497963,10.877440990043397
167,5453.599668122388,5453.599759233,5453.599759233,5453.601250313,5453.61396391,1,COMPLETED,True,0.09111061262956355,1.4910799991412205,12.713597000583832,14.295787612354616
168,5453.602697312819,5453.602760845,5453.602760845,5453.603552349,5453.613956746,0,COMPLETED,True,0.06353218122967519,0.7915039996078121,10.404397000456811,11.259433181294298
169,5453.62043158401,5453.620664268,5453.620664268,5453.623047065,5453.632841279,0,COMPLETED,True,0.23268399036169285,2.3827969998819754,9.794214000066859,12.409694990310527
170,5453.792381702716,5453.792529944,5453.792529944,5453.794876676,5453.809088026,1,COMPLETED,True,0.14824128447799012,2.346731999750773,14.211349999641243,16.706323283870006
171,5453.896567935466,5453.896713221,5453.896713221,5453.899067113,5453.913112832,0,COMPLETED,True,0.1452855340176029,2.3538919995189644,14.045719000023382,16.54489653355995
172,5453.914859963643,5453.915007775,5453.915007775,5453.917360858,5453.931650461,1,COMPLETED,True,0.14781135723751504,2.3530830003437586,14.289602999269846,16.79049735685112
173,5454.012637832582,5454.0128847,5454.0128847,5454.015206568,5454.029400866,0,COMPLETED,True,0.2468674174451735,2.321868000763061,14.194297999893024,16.76303341810126
174,5454.0312173734055,5454.031411331,5454.031411331,5454.034069751,5454.049737691,1,COMPLETED,True,0.19395759409235325,2.6584200004435843,15.667939999730152,18.52031759426609
175,5454.171298424641,5454.17144751,5454.17144751,5454.174017864,5454.188079489,0,COMPLETED,True,0.14908535922586452,2.5703540004542447,14.061625000067579,16.78106435974769
176,5454.239396489673,5454.239640576,5454.239640576,5454.241849939,5454.255678422,1,COMPLETED,True,0.24408632725680945,2.209362999565201,13.828482999997505,16.281932326819515
177,5454.26630395518,5454.266439991,5454.266439991,5454.26824334,5454.280115364,0,COMPLETED,True,0.13603582010546234,1.8033489996014396,11.872024000695092,13.811408820401994
178,5454.280845513281,5454.280933782,5454.280933782,5454.282354265,5454.291817968,1,COMPLETED,True,0.08826871908240719,1.4204830004018731,9.463702999710222,10.972454719194502
179,5454.281271334505,5454.281700846,5454.281700846,5454.283610078,5454.294877605,0,COMPLETED,True,0.42951149498549057,1.9092319998890162,11.267527000200062,13.606270495074568
180,5454.386753135863,5454.386888731,5454.386888731,5454.389084493,5454.403132082,1,COMPLETED,True,0.1355951371806441,2.19576200015581,14.047589000256266,16.37894613759272
181,5454.38868583914,5454.388808005,5454.388808005,5454.390262456,5454.40542553,0,COMPLETED,True,0.12216586037538946,1.4544509995175758,15.163074000156485,16.73969086004945
182,5454.474263277785,5454.474400655,5454.474400655,5454.476315297,5454.489956384,1,COMPLETED,True,0.1373772147417185,1.9146419999742648,13.641086999996332,15.693106214712316
183,5454.638037074959,5454.638276138,5454.638276138,5454.640749272,5454.654324827,0,COMPLETED,True,0.23906304068077588,2.4731339999561897,13.575554999988526,16.28775204062549
184,5454.680268213569,5454.680418981,5454.680418981,5454.682948546,5454.697197037,1,COMPLETED,True,0.15076743056852138,2.5295650002590264,14.24849099930725,16.9288234301348
185,5454.689676167381,5454.689814504,5454.689814504,5454.691985054,5454.704864663,0,COMPLETED,True,0.1383366197842406,2.170549999391369,12.87960900026519,15.1884956194408
186,5454.79084097376,5454.79093924,5454.79093924,5454.792275319,5454.81150199,1,COMPLETED,True,0.0982662395472289,1.3360789998841938,19.226671000069473,20.661016239500896
187,5454.972893530255,5454.973047404,5454.973047404,5454.975444413,5454.989892801,0,COMPLETED,True,0.153873745148303,2.3970090005605016,14.448387999436818,16.999270745145623
188,5455.033767230817,5455.033890925,5455.033890925,5455.035829599,5455.047693337,1,COMPLETED,True,0.123694183457701,1.9386739995752578,11.863738000101876,13.926106183134834
189,5455.0693199332145,5455.069447393,5455.069447393,5455.071990791,5455.090158889,0,COMPLETED,True,0.1274597852898296,2.5433979999434086,18.168098000387545,20.838955785620783
190,5455.093058187312,5455.093069228,5455.093069228,5455.09513393,5455.108293621,1,COMPLETED,True,0.011040688150387723,2.0647020000978955,13.15969099960057,15.235433687848854
191,5455.11436180293,5455.114469872,5455.114469872,5455.116391198,5455.139063784,0,COMPLETED,True,0.1080690699382103,1.9213260002288735,22.672586000226147,24.70198107039323
192,5455.125880393378,5455.12612806,5455.12612806,5455.127868252,5455.140872676,1,COMPLETED,True,0.24766662227193592,1.740191999488161,13.004424000428116,14.992282622188213
193,5455.181946762211,5455.182069547,5455.182069547,5455.184100759,5455.197430486,0,COMPLETED,True,0.12278478880034527,2.031212000474625,13.329726999472769,15.483723788747739
194,5455.210312162675,5455.210427231,5455.210427231,5455.212254852,5455.221687022,1,COMPLETED,True,0.11506832470331574,1.8276210003023152,9.432169999854523,11.374859324860154
195,5455.221103100152,5455.221289234,5455.221289234,5455.223713234,5455.233220388,0,COMPLETED,True,0.1861338487287867,2.4239999993369565,9.50715399994806,12.117287848013802
196,5455.226617522208,5455.22678282,5455.22678282,5455.228818992,5455.238891275,1,COMPLETED,True,0.1652977925914456,2.0361719998618355,10.07228300022689,12.27375279268017
197,5455.281441878869,5455.28163432,5455.28163432,5455.283388018,5455.292630982,0,COMPLETED,True,0.19244113082095282,1.7536979994474677,9.242964000804932,11.189103131073352
198,5455.298995886717,5455.299086851,5455.299086851,5455.300624509,5455.313096568,1,COMPLETED,True,0.0909642822080059,1.5376580004158313,12.47205900017434,14.100681282798178
199,5455.333633241971,5455.333779161,5455.333779161,5455.335896132,5455.362116194,0,COMPLETED,True,0.14591902890970232,2.1169709998503095,26.22006199999305,28.48295202875306
200,5455.353310982,5455.353395663,5455.353395663,5455.354492969,5455.365082087,1,COMPLETED,True,0.08468099986203015,1.0973059997922974,10.589118000098097,11.771104999752424
201,5455.455949602253,5455.456102666,5455.456102666,5455.458490067,5455.472494856,0,COMPLETED,True,0.1530637473479146,2.38740099939605,14.004788999955053,16.545253746699018
202,5455.570918249942,5455.570948977,5455.570948977,5455.5741294,5455.59007492,1,COMPLETED,True,0.03072705749218585,3.180423000230803,15.945520000059332,19.15667005778232
203,5455.571831183099,5455.572803689,5455.572803689,5455.575780003,5455.593987321,0,COMPLETED,True,0.9725059007905656,2.976314000079583,18.207318000349915,22.156137901220063
204,5455.583041702323,5455.583293367,5455.583293367,5455.590296961,5455.602532566,1,COMPLETED,True,0.25166467730741715,7.003593999797886,12.235605000569194,19.490863677674497
205,5455.602897260192,5455.603112853,5455.603112853,5455.604628844,5455.614082762,0,COMPLETED,True,0.21559280867222697,1.5159909999056254,9.453917999962869,11.185501808540721
206,5455.820229145664,5455.820369111,5455.820369111,5455.822948929,5455.83719907,1,COMPLETED,True,0.13996533652971266,2.5798179995035753,14.250141000047734,16.96992433608102
207,5455.896553051704,5455.896650331,5455.896650331,5455.898008575,5455.910991434,0,COMPLETED,True,0.0972792959146318,1.3582439996753237,12.982858999748714,14.43838229533867
208,5455.9172603592715,5455.917342514,5455.917342514,5455.918595425,5455.930698177,1,COMPLETED,True,0.08215472826123005,1.2529109999377397,12.102751999918837,13.437817728117807
209,5455.9292386038705,5455.929371954,5455.929371954,5455.931566919,5455.944041466,0,COMPLETED,True,0.13335012954485137,2.1949649999442045,12.47454700023809,14.802862129727146
210,5455.985351343482,5455.985500899,5455.985500899,5455.987044078,5455.996520027,1,COMPLETED,True,0.14955551796447253,1.5431789997819578,9.475949000261608,11.168683518008038
